pais;nombre;apellido;numero_camiseta;cantidad_goles;minutos_jugados;cantidad_asistencias;cantidad_amarillas;cantidad_rojas;faltas_acumuladas
France;Nombre1;Apellido1;1;0;0;0;0;0;0
France;Nombre2;Apellido2;2;0;0;0;0;0;0
France;Nombre3;Apellido3;3;0;0;0;0;0;0
France;Nombre4;Apellido4;4;0;0;0;0;0;0
France;Nombre5;Apellido5;5;0;0;0;0;0;0
France;Nombre6;Apellido6;6;0;0;0;0;0;0
France;Nombre7;Apellido7;7;0;0;0;0;0;0
France;Nombre8;Apellido8;8;0;0;0;0;0;0
France;Nombre9;Apellido9;9;0;0;0;0;0;0
France;Nombre10;Apellido10;10;0;0;0;0;0;0
France;Nombre11;Apellido11;11;0;0;0;0;0;0
France;Nombre12;Apellido12;12;0;0;0;0;0;0
France;Nombre13;Apellido13;13;0;0;0;0;0;0
France;Nombre14;Apellido14;14;0;0;0;0;0;0
France;Nombre15;Apellido15;15;0;0;0;0;0;0
France;Nombre16;Apellido16;16;0;0;0;0;0;0
France;Nombre17;Apellido17;17;0;0;0;0;0;0
France;Nombre18;Apellido18;18;0;0;0;0;0;0
France;Nombre19;Apellido19;19;0;0;0;0;0;0
France;Nombre20;Apellido20;20;0;0;0;0;0;0
France;Nombre21;Apellido21;21;0;0;0;0;0;0
France;Nombre22;Apellido22;22;0;0;0;0;0;0
France;Nombre23;Apellido23;23;0;0;0;0;0;0
France;Nombre24;Apellido24;24;0;0;0;0;0;0
France;Nombre25;Apellido25;25;0;0;0;0;0;0
France;Nombre26;Apellido26;26;0;0;0;0;0;0
Spain;Nombre1;Apellido1;1;0;0;0;0;0;0
Spain;Nombre2;Apellido2;2;0;0;0;0;0;0
Spain;Nombre3;Apellido3;3;0;0;0;0;0;0
Spain;Nombre4;Apellido4;4;0;0;0;0;0;0
Spain;Nombre5;Apellido5;5;0;0;0;0;0;0
Spain;Nombre6;Apellido6;6;0;0;0;0;0;0
Spain;Nombre7;Apellido7;7;0;0;0;0;0;0
Spain;Nombre8;Apellido8;8;0;0;0;0;0;0
Spain;Nombre9;Apellido9;9;0;0;0;0;0;0
Spain;Nombre10;Apellido10;10;0;0;0;0;0;0
Spain;Nombre11;Apellido11;11;0;0;0;0;0;0
Spain;Nombre12;Apellido12;12;0;0;0;0;0;0
Spain;Nombre13;Apellido13;13;0;0;0;0;0;0
Spain;Nombre14;Apellido14;14;0;0;0;0;0;0
Spain;Nombre15;Apellido15;15;0;0;0;0;0;0
Spain;Nombre16;Apellido16;16;0;0;0;0;0;0
Spain;Nombre17;Apellido17;17;0;0;0;0;0;0
Spain;Nombre18;Apellido18;18;0;0;0;0;0;0
Spain;Nombre19;Apellido19;19;0;0;0;0;0;0
Spain;Nombre20;Apellido20;20;0;0;0;0;0;0
Spain;Nombre21;Apellido21;21;0;0;0;0;0;0
Spain;Nombre22;Apellido22;22;0;0;0;0;0;0
Spain;Nombre23;Apellido23;23;0;0;0;0;0;0
Spain;Nombre24;Apellido24;24;0;0;0;0;0;0
Spain;Nombre25;Apellido25;25;0;0;0;0;0;0
Spain;Nombre26;Apellido26;26;0;0;0;0;0;0
Argentina;Nombre1;Apellido1;1;0;0;0;0;0;0
Argentina;Nombre2;Apellido2;2;0;0;0;0;0;0
Argentina;Nombre3;Apellido3;3;0;0;0;0;0;0
Argentina;Nombre4;Apellido4;4;0;0;0;0;0;0
Argentina;Nombre5;Apellido5;5;0;0;0;0;0;0
Argentina;Nombre6;Apellido6;6;0;0;0;0;0;0
Argentina;Nombre7;Apellido7;7;0;0;0;0;0;0
Argentina;Nombre8;Apellido8;8;0;0;0;0;0;0
Argentina;Nombre9;Apellido9;9;0;0;0;0;0;0
Argentina;Nombre10;Apellido10;10;0;0;0;0;0;0
Argentina;Nombre11;Apellido11;11;0;0;0;0;0;0
Argentina;Nombre12;Apellido12;12;0;0;0;0;0;0
Argentina;Nombre13;Apellido13;13;0;0;0;0;0;0
Argentina;Nombre14;Apellido14;14;0;0;0;0;0;0
Argentina;Nombre15;Apellido15;15;0;0;0;0;0;0
Argentina;Nombre16;Apellido16;16;0;0;0;0;0;0
Argentina;Nombre17;Apellido17;17;0;0;0;0;0;0
Argentina;Nombre18;Apellido18;18;0;0;0;0;0;0
Argentina;Nombre19;Apellido19;19;0;0;0;0;0;0
Argentina;Nombre20;Apellido20;20;0;0;0;0;0;0
Argentina;Nombre21;Apellido21;21;0;0;0;0;0;0
Argentina;Nombre22;Apellido22;22;0;0;0;0;0;0
Argentina;Nombre23;Apellido23;23;0;0;0;0;0;0
Argentina;Nombre24;Apellido24;24;0;0;0;0;0;0
Argentina;Nombre25;Apellido25;25;0;0;0;0;0;0
Argentina;Nombre26;Apellido26;26;0;0;0;0;0;0
England;Nombre1;Apellido1;1;0;0;0;0;0;0
England;Nombre2;Apellido2;2;0;0;0;0;0;0
England;Nombre3;Apellido3;3;0;0;0;0;0;0
England;Nombre4;Apellido4;4;0;0;0;0;0;0
England;Nombre5;Apellido5;5;0;0;0;0;0;0
England;Nombre6;Apellido6;6;0;0;0;0;0;0
England;Nombre7;Apellido7;7;0;0;0;0;0;0
England;Nombre8;Apellido8;8;0;0;0;0;0;0
England;Nombre9;Apellido9;9;0;0;0;0;0;0
England;Nombre10;Apellido10;10;0;0;0;0;0;0
England;Nombre11;Apellido11;11;0;0;0;0;0;0
England;Nombre12;Apellido12;12;0;0;0;0;0;0
England;Nombre13;Apellido13;13;0;0;0;0;0;0
England;Nombre14;Apellido14;14;0;0;0;0;0;0
England;Nombre15;Apellido15;15;0;0;0;0;0;0
England;Nombre16;Apellido16;16;0;0;0;0;0;0
England;Nombre17;Apellido17;17;0;0;0;0;0;0
England;Nombre18;Apellido18;18;0;0;0;0;0;0
England;Nombre19;Apellido19;19;0;0;0;0;0;0
England;Nombre20;Apellido20;20;0;0;0;0;0;0
England;Nombre21;Apellido21;21;0;0;0;0;0;0
England;Nombre22;Apellido22;22;0;0;0;0;0;0
England;Nombre23;Apellido23;23;0;0;0;0;0;0
England;Nombre24;Apellido24;24;0;0;0;0;0;0
England;Nombre25;Apellido25;25;0;0;0;0;0;0
England;Nombre26;Apellido26;26;0;0;0;0;0;0
Portugal;Nombre1;Apellido1;1;0;0;0;0;0;0
Portugal;Nombre2;Apellido2;2;0;0;0;0;0;0
Portugal;Nombre3;Apellido3;3;0;0;0;0;0;0
Portugal;Nombre4;Apellido4;4;0;0;0;0;0;0
Portugal;Nombre5;Apellido5;5;0;0;0;0;0;0
Portugal;Nombre6;Apellido6;6;0;0;0;0;0;0
Portugal;Nombre7;Apellido7;7;0;0;0;0;0;0
Portugal;Nombre8;Apellido8;8;0;0;0;0;0;0
Portugal;Nombre9;Apellido9;9;0;0;0;0;0;0
Portugal;Nombre10;Apellido10;10;0;0;0;0;0;0
Portugal;Nombre11;Apellido11;11;0;0;0;0;0;0
Portugal;Nombre12;Apellido12;12;0;0;0;0;0;0
Portugal;Nombre13;Apellido13;13;0;0;0;0;0;0
Portugal;Nombre14;Apellido14;14;0;0;0;0;0;0
Portugal;Nombre15;Apellido15;15;0;0;0;0;0;0
Portugal;Nombre16;Apellido16;16;0;0;0;0;0;0
Portugal;Nombre17;Apellido17;17;0;0;0;0;0;0
Portugal;Nombre18;Apellido18;18;0;0;0;0;0;0
Portugal;Nombre19;Apellido19;19;0;0;0;0;0;0
Portugal;Nombre20;Apellido20;20;0;0;0;0;0;0
Portugal;Nombre21;Apellido21;21;0;0;0;0;0;0
Portugal;Nombre22;Apellido22;22;0;0;0;0;0;0
Portugal;Nombre23;Apellido23;23;0;0;0;0;0;0
Portugal;Nombre24;Apellido24;24;0;0;0;0;0;0
Portugal;Nombre25;Apellido25;25;0;0;0;0;0;0
Portugal;Nombre26;Apellido26;26;0;0;0;0;0;0
Brazil;Nombre1;Apellido1;1;0;0;0;0;0;0
Brazil;Nombre2;Apellido2;2;0;0;0;0;0;0
Brazil;Nombre3;Apellido3;3;0;0;0;0;0;0
Brazil;Nombre4;Apellido4;4;0;0;0;0;0;0
Brazil;Nombre5;Apellido5;5;0;0;0;0;0;0
Brazil;Nombre6;Apellido6;6;0;0;0;0;0;0
Brazil;Nombre7;Apellido7;7;0;0;0;0;0;0
Brazil;Nombre8;Apellido8;8;0;0;0;0;0;0
Brazil;Nombre9;Apellido9;9;0;0;0;0;0;0
Brazil;Nombre10;Apellido10;10;0;0;0;0;0;0
Brazil;Nombre11;Apellido11;11;0;0;0;0;0;0
Brazil;Nombre12;Apellido12;12;0;0;0;0;0;0
Brazil;Nombre13;Apellido13;13;0;0;0;0;0;0
Brazil;Nombre14;Apellido14;14;0;0;0;0;0;0
Brazil;Nombre15;Apellido15;15;0;0;0;0;0;0
Brazil;Nombre16;Apellido16;16;0;0;0;0;0;0
Brazil;Nombre17;Apellido17;17;0;0;0;0;0;0
Brazil;Nombre18;Apellido18;18;0;0;0;0;0;0
Brazil;Nombre19;Apellido19;19;0;0;0;0;0;0
Brazil;Nombre20;Apellido20;20;0;0;0;0;0;0
Brazil;Nombre21;Apellido21;21;0;0;0;0;0;0
Brazil;Nombre22;Apellido22;22;0;0;0;0;0;0
Brazil;Nombre23;Apellido23;23;0;0;0;0;0;0
Brazil;Nombre24;Apellido24;24;0;0;0;0;0;0
Brazil;Nombre25;Apellido25;25;0;0;0;0;0;0
Brazil;Nombre26;Apellido26;26;0;0;0;0;0;0
Netherlands;Nombre1;Apellido1;1;0;0;0;0;0;0
Netherlands;Nombre2;Apellido2;2;0;0;0;0;0;0
Netherlands;Nombre3;Apellido3;3;0;0;0;0;0;0
Netherlands;Nombre4;Apellido4;4;0;0;0;0;0;0
Netherlands;Nombre5;Apellido5;5;0;0;0;0;0;0
Netherlands;Nombre6;Apellido6;6;0;0;0;0;0;0
Netherlands;Nombre7;Apellido7;7;0;0;0;0;0;0
Netherlands;Nombre8;Apellido8;8;0;0;0;0;0;0
Netherlands;Nombre9;Apellido9;9;0;0;0;0;0;0
Netherlands;Nombre10;Apellido10;10;0;0;0;0;0;0
Netherlands;Nombre11;Apellido11;11;0;0;0;0;0;0
Netherlands;Nombre12;Apellido12;12;0;0;0;0;0;0
Netherlands;Nombre13;Apellido13;13;0;0;0;0;0;0
Netherlands;Nombre14;Apellido14;14;0;0;0;0;0;0
Netherlands;Nombre15;Apellido15;15;0;0;0;0;0;0
Netherlands;Nombre16;Apellido16;16;0;0;0;0;0;0
Netherlands;Nombre17;Apellido17;17;0;0;0;0;0;0
Netherlands;Nombre18;Apellido18;18;0;0;0;0;0;0
Netherlands;Nombre19;Apellido19;19;0;0;0;0;0;0
Netherlands;Nombre20;Apellido20;20;0;0;0;0;0;0
Netherlands;Nombre21;Apellido21;21;0;0;0;0;0;0
Netherlands;Nombre22;Apellido22;22;0;0;0;0;0;0
Netherlands;Nombre23;Apellido23;23;0;0;0;0;0;0
Netherlands;Nombre24;Apellido24;24;0;0;0;0;0;0
Netherlands;Nombre25;Apellido25;25;0;0;0;0;0;0
Netherlands;Nombre26;Apellido26;26;0;0;0;0;0;0
Belgium;Nombre1;Apellido1;1;0;0;0;0;0;0
Belgium;Nombre2;Apellido2;2;0;0;0;0;0;0
Belgium;Nombre3;Apellido3;3;0;0;0;0;0;0
Belgium;Nombre4;Apellido4;4;0;0;0;0;0;0
Belgium;Nombre5;Apellido5;5;0;0;0;0;0;0
Belgium;Nombre6;Apellido6;6;0;0;0;0;0;0
Belgium;Nombre7;Apellido7;7;0;0;0;0;0;0
Belgium;Nombre8;Apellido8;8;0;0;0;0;0;0
Belgium;Nombre9;Apellido9;9;0;0;0;0;0;0
Belgium;Nombre10;Apellido10;10;0;0;0;0;0;0
Belgium;Nombre11;Apellido11;11;0;0;0;0;0;0
Belgium;Nombre12;Apellido12;12;0;0;0;0;0;0
Belgium;Nombre13;Apellido13;13;0;0;0;0;0;0
Belgium;Nombre14;Apellido14;14;0;0;0;0;0;0
Belgium;Nombre15;Apellido15;15;0;0;0;0;0;0
Belgium;Nombre16;Apellido16;16;0;0;0;0;0;0
Belgium;Nombre17;Apellido17;17;0;0;0;0;0;0
Belgium;Nombre18;Apellido18;18;0;0;0;0;0;0
Belgium;Nombre19;Apellido19;19;0;0;0;0;0;0
Belgium;Nombre20;Apellido20;20;0;0;0;0;0;0
Belgium;Nombre21;Apellido21;21;0;0;0;0;0;0
Belgium;Nombre22;Apellido22;22;0;0;0;0;0;0
Belgium;Nombre23;Apellido23;23;0;0;0;0;0;0
Belgium;Nombre24;Apellido24;24;0;0;0;0;0;0
Belgium;Nombre25;Apellido25;25;0;0;0;0;0;0
Belgium;Nombre26;Apellido26;26;0;0;0;0;0;0
Germany;Nombre1;Apellido1;1;0;0;0;0;0;0
Germany;Nombre2;Apellido2;2;0;0;0;0;0;0
Germany;Nombre3;Apellido3;3;0;0;0;0;0;0
Germany;Nombre4;Apellido4;4;0;0;0;0;0;0
Germany;Nombre5;Apellido5;5;0;0;0;0;0;0
Germany;Nombre6;Apellido6;6;0;0;0;0;0;0
Germany;Nombre7;Apellido7;7;0;0;0;0;0;0
Germany;Nombre8;Apellido8;8;0;0;0;0;0;0
Germany;Nombre9;Apellido9;9;0;0;0;0;0;0
Germany;Nombre10;Apellido10;10;0;0;0;0;0;0
Germany;Nombre11;Apellido11;11;0;0;0;0;0;0
Germany;Nombre12;Apellido12;12;0;0;0;0;0;0
Germany;Nombre13;Apellido13;13;0;0;0;0;0;0
Germany;Nombre14;Apellido14;14;0;0;0;0;0;0
Germany;Nombre15;Apellido15;15;0;0;0;0;0;0
Germany;Nombre16;Apellido16;16;0;0;0;0;0;0
Germany;Nombre17;Apellido17;17;0;0;0;0;0;0
Germany;Nombre18;Apellido18;18;0;0;0;0;0;0
Germany;Nombre19;Apellido19;19;0;0;0;0;0;0
Germany;Nombre20;Apellido20;20;0;0;0;0;0;0
Germany;Nombre21;Apellido21;21;0;0;0;0;0;0
Germany;Nombre22;Apellido22;22;0;0;0;0;0;0
Germany;Nombre23;Apellido23;23;0;0;0;0;0;0
Germany;Nombre24;Apellido24;24;0;0;0;0;0;0
Germany;Nombre25;Apellido25;25;0;0;0;0;0;0
Germany;Nombre26;Apellido26;26;0;0;0;0;0;0
Italy;Nombre1;Apellido1;1;0;0;0;0;0;0
Italy;Nombre2;Apellido2;2;0;0;0;0;0;0
Italy;Nombre3;Apellido3;3;0;0;0;0;0;0
Italy;Nombre4;Apellido4;4;0;0;0;0;0;0
Italy;Nombre5;Apellido5;5;0;0;0;0;0;0
Italy;Nombre6;Apellido6;6;0;0;0;0;0;0
Italy;Nombre7;Apellido7;7;0;0;0;0;0;0
Italy;Nombre8;Apellido8;8;0;0;0;0;0;0
Italy;Nombre9;Apellido9;9;0;0;0;0;0;0
Italy;Nombre10;Apellido10;10;0;0;0;0;0;0
Italy;Nombre11;Apellido11;11;0;0;0;0;0;0
Italy;Nombre12;Apellido12;12;0;0;0;0;0;0
Italy;Nombre13;Apellido13;13;0;0;0;0;0;0
Italy;Nombre14;Apellido14;14;0;0;0;0;0;0
Italy;Nombre15;Apellido15;15;0;0;0;0;0;0
Italy;Nombre16;Apellido16;16;0;0;0;0;0;0
Italy;Nombre17;Apellido17;17;0;0;0;0;0;0
Italy;Nombre18;Apellido18;18;0;0;0;0;0;0
Italy;Nombre19;Apellido19;19;0;0;0;0;0;0
Italy;Nombre20;Apellido20;20;0;0;0;0;0;0
Italy;Nombre21;Apellido21;21;0;0;0;0;0;0
Italy;Nombre22;Apellido22;22;0;0;0;0;0;0
Italy;Nombre23;Apellido23;23;0;0;0;0;0;0
Italy;Nombre24;Apellido24;24;0;0;0;0;0;0
Italy;Nombre25;Apellido25;25;0;0;0;0;0;0
Italy;Nombre26;Apellido26;26;0;0;0;0;0;0
Morocco;Nombre1;Apellido1;1;0;0;0;0;0;0
Morocco;Nombre2;Apellido2;2;0;0;0;0;0;0
Morocco;Nombre3;Apellido3;3;0;0;0;0;0;0
Morocco;Nombre4;Apellido4;4;0;0;0;0;0;0
Morocco;Nombre5;Apellido5;5;0;0;0;0;0;0
Morocco;Nombre6;Apellido6;6;0;0;0;0;0;0
Morocco;Nombre7;Apellido7;7;0;0;0;0;0;0
Morocco;Nombre8;Apellido8;8;0;0;0;0;0;0
Morocco;Nombre9;Apellido9;9;0;0;0;0;0;0
Morocco;Nombre10;Apellido10;10;0;0;0;0;0;0
Morocco;Nombre11;Apellido11;11;0;0;0;0;0;0
Morocco;Nombre12;Apellido12;12;0;0;0;0;0;0
Morocco;Nombre13;Apellido13;13;0;0;0;0;0;0
Morocco;Nombre14;Apellido14;14;0;0;0;0;0;0
Morocco;Nombre15;Apellido15;15;0;0;0;0;0;0
Morocco;Nombre16;Apellido16;16;0;0;0;0;0;0
Morocco;Nombre17;Apellido17;17;0;0;0;0;0;0
Morocco;Nombre18;Apellido18;18;0;0;0;0;0;0
Morocco;Nombre19;Apellido19;19;0;0;0;0;0;0
Morocco;Nombre20;Apellido20;20;0;0;0;0;0;0
Morocco;Nombre21;Apellido21;21;0;0;0;0;0;0
Morocco;Nombre22;Apellido22;22;0;0;0;0;0;0
Morocco;Nombre23;Apellido23;23;0;0;0;0;0;0
Morocco;Nombre24;Apellido24;24;0;0;0;0;0;0
Morocco;Nombre25;Apellido25;25;0;0;0;0;0;0
Morocco;Nombre26;Apellido26;26;0;0;0;0;0;0
Uruguay;Nombre1;Apellido1;1;0;0;0;0;0;0
Uruguay;Nombre2;Apellido2;2;0;0;0;0;0;0
Uruguay;Nombre3;Apellido3;3;0;0;0;0;0;0
Uruguay;Nombre4;Apellido4;4;0;0;0;0;0;0
Uruguay;Nombre5;Apellido5;5;0;0;0;0;0;0
Uruguay;Nombre6;Apellido6;6;0;0;0;0;0;0
Uruguay;Nombre7;Apellido7;7;0;0;0;0;0;0
Uruguay;Nombre8;Apellido8;8;0;0;0;0;0;0
Uruguay;Nombre9;Apellido9;9;0;0;0;0;0;0
Uruguay;Nombre10;Apellido10;10;0;0;0;0;0;0
Uruguay;Nombre11;Apellido11;11;0;0;0;0;0;0
Uruguay;Nombre12;Apellido12;12;0;0;0;0;0;0
Uruguay;Nombre13;Apellido13;13;0;0;0;0;0;0
Uruguay;Nombre14;Apellido14;14;0;0;0;0;0;0
Uruguay;Nombre15;Apellido15;15;0;0;0;0;0;0
Uruguay;Nombre16;Apellido16;16;0;0;0;0;0;0
Uruguay;Nombre17;Apellido17;17;0;0;0;0;0;0
Uruguay;Nombre18;Apellido18;18;0;0;0;0;0;0
Uruguay;Nombre19;Apellido19;19;0;0;0;0;0;0
Uruguay;Nombre20;Apellido20;20;0;0;0;0;0;0
Uruguay;Nombre21;Apellido21;21;0;0;0;0;0;0
Uruguay;Nombre22;Apellido22;22;0;0;0;0;0;0
Uruguay;Nombre23;Apellido23;23;0;0;0;0;0;0
Uruguay;Nombre24;Apellido24;24;0;0;0;0;0;0
Uruguay;Nombre25;Apellido25;25;0;0;0;0;0;0
Uruguay;Nombre26;Apellido26;26;0;0;0;0;0;0
Colombia;Nombre1;Apellido1;1;0;0;0;0;0;0
Colombia;Nombre2;Apellido2;2;0;0;0;0;0;0
Colombia;Nombre3;Apellido3;3;0;0;0;0;0;0
Colombia;Nombre4;Apellido4;4;0;0;0;0;0;0
Colombia;Nombre5;Apellido5;5;0;0;0;0;0;0
Colombia;Nombre6;Apellido6;6;0;0;0;0;0;0
Colombia;Nombre7;Apellido7;7;0;0;0;0;0;0
Colombia;Nombre8;Apellido8;8;0;0;0;0;0;0
Colombia;Nombre9;Apellido9;9;0;0;0;0;0;0
Colombia;Nombre10;Apellido10;10;0;0;0;0;0;0
Colombia;Nombre11;Apellido11;11;0;0;0;0;0;0
Colombia;Nombre12;Apellido12;12;0;0;0;0;0;0
Colombia;Nombre13;Apellido13;13;0;0;0;0;0;0
Colombia;Nombre14;Apellido14;14;0;0;0;0;0;0
Colombia;Nombre15;Apellido15;15;0;0;0;0;0;0
Colombia;Nombre16;Apellido16;16;0;0;0;0;0;0
Colombia;Nombre17;Apellido17;17;0;0;0;0;0;0
Colombia;Nombre18;Apellido18;18;0;0;0;0;0;0
Colombia;Nombre19;Apellido19;19;0;0;0;0;0;0
Colombia;Nombre20;Apellido20;20;0;0;0;0;0;0
Colombia;Nombre21;Apellido21;21;0;0;0;0;0;0
Colombia;Nombre22;Apellido22;22;0;0;0;0;0;0
Colombia;Nombre23;Apellido23;23;0;0;0;0;0;0
Colombia;Nombre24;Apellido24;24;0;0;0;0;0;0
Colombia;Nombre25;Apellido25;25;0;0;0;0;0;0
Colombia;Nombre26;Apellido26;26;0;0;0;0;0;0
Croatia;Nombre1;Apellido1;1;0;0;0;0;0;0
Croatia;Nombre2;Apellido2;2;0;0;0;0;0;0
Croatia;Nombre3;Apellido3;3;0;0;0;0;0;0
Croatia;Nombre4;Apellido4;4;0;0;0;0;0;0
Croatia;Nombre5;Apellido5;5;0;0;0;0;0;0
Croatia;Nombre6;Apellido6;6;0;0;0;0;0;0
Croatia;Nombre7;Apellido7;7;0;0;0;0;0;0
Croatia;Nombre8;Apellido8;8;0;0;0;0;0;0
Croatia;Nombre9;Apellido9;9;0;0;0;0;0;0
Croatia;Nombre10;Apellido10;10;0;0;0;0;0;0
Croatia;Nombre11;Apellido11;11;0;0;0;0;0;0
Croatia;Nombre12;Apellido12;12;0;0;0;0;0;0
Croatia;Nombre13;Apellido13;13;0;0;0;0;0;0
Croatia;Nombre14;Apellido14;14;0;0;0;0;0;0
Croatia;Nombre15;Apellido15;15;0;0;0;0;0;0
Croatia;Nombre16;Apellido16;16;0;0;0;0;0;0
Croatia;Nombre17;Apellido17;17;0;0;0;0;0;0
Croatia;Nombre18;Apellido18;18;0;0;0;0;0;0
Croatia;Nombre19;Apellido19;19;0;0;0;0;0;0
Croatia;Nombre20;Apellido20;20;0;0;0;0;0;0
Croatia;Nombre21;Apellido21;21;0;0;0;0;0;0
Croatia;Nombre22;Apellido22;22;0;0;0;0;0;0
Croatia;Nombre23;Apellido23;23;0;0;0;0;0;0
Croatia;Nombre24;Apellido24;24;0;0;0;0;0;0
Croatia;Nombre25;Apellido25;25;0;0;0;0;0;0
Croatia;Nombre26;Apellido26;26;0;0;0;0;0;0
Mexico;Nombre1;Apellido1;1;0;0;0;0;0;0
Mexico;Nombre2;Apellido2;2;0;0;0;0;0;0
Mexico;Nombre3;Apellido3;3;0;0;0;0;0;0
Mexico;Nombre4;Apellido4;4;0;0;0;0;0;0
Mexico;Nombre5;Apellido5;5;0;0;0;0;0;0
Mexico;Nombre6;Apellido6;6;0;0;0;0;0;0
Mexico;Nombre7;Apellido7;7;0;0;0;0;0;0
Mexico;Nombre8;Apellido8;8;0;0;0;0;0;0
Mexico;Nombre9;Apellido9;9;0;0;0;0;0;0
Mexico;Nombre10;Apellido10;10;0;0;0;0;0;0
Mexico;Nombre11;Apellido11;11;0;0;0;0;0;0
Mexico;Nombre12;Apellido12;12;0;0;0;0;0;0
Mexico;Nombre13;Apellido13;13;0;0;0;0;0;0
Mexico;Nombre14;Apellido14;14;0;0;0;0;0;0
Mexico;Nombre15;Apellido15;15;0;0;0;0;0;0
Mexico;Nombre16;Apellido16;16;0;0;0;0;0;0
Mexico;Nombre17;Apellido17;17;0;0;0;0;0;0
Mexico;Nombre18;Apellido18;18;0;0;0;0;0;0
Mexico;Nombre19;Apellido19;19;0;0;0;0;0;0
Mexico;Nombre20;Apellido20;20;0;0;0;0;0;0
Mexico;Nombre21;Apellido21;21;0;0;0;0;0;0
Mexico;Nombre22;Apellido22;22;0;0;0;0;0;0
Mexico;Nombre23;Apellido23;23;0;0;0;0;0;0
Mexico;Nombre24;Apellido24;24;0;0;0;0;0;0
Mexico;Nombre25;Apellido25;25;0;0;0;0;0;0
Mexico;Nombre26;Apellido26;26;0;0;0;0;0;0
United States;Nombre1;Apellido1;1;0;0;0;0;0;0
United States;Nombre2;Apellido2;2;0;0;0;0;0;0
United States;Nombre3;Apellido3;3;0;0;0;0;0;0
United States;Nombre4;Apellido4;4;0;0;0;0;0;0
United States;Nombre5;Apellido5;5;0;0;0;0;0;0
United States;Nombre6;Apellido6;6;0;0;0;0;0;0
United States;Nombre7;Apellido7;7;0;0;0;0;0;0
United States;Nombre8;Apellido8;8;0;0;0;0;0;0
United States;Nombre9;Apellido9;9;0;0;0;0;0;0
United States;Nombre10;Apellido10;10;0;0;0;0;0;0
United States;Nombre11;Apellido11;11;0;0;0;0;0;0
United States;Nombre12;Apellido12;12;0;0;0;0;0;0
United States;Nombre13;Apellido13;13;0;0;0;0;0;0
United States;Nombre14;Apellido14;14;0;0;0;0;0;0
United States;Nombre15;Apellido15;15;0;0;0;0;0;0
United States;Nombre16;Apellido16;16;0;0;0;0;0;0
United States;Nombre17;Apellido17;17;0;0;0;0;0;0
United States;Nombre18;Apellido18;18;0;0;0;0;0;0
United States;Nombre19;Apellido19;19;0;0;0;0;0;0
United States;Nombre20;Apellido20;20;0;0;0;0;0;0
United States;Nombre21;Apellido21;21;0;0;0;0;0;0
United States;Nombre22;Apellido22;22;0;0;0;0;0;0
United States;Nombre23;Apellido23;23;0;0;0;0;0;0
United States;Nombre24;Apellido24;24;0;0;0;0;0;0
United States;Nombre25;Apellido25;25;0;0;0;0;0;0
United States;Nombre26;Apellido26;26;0;0;0;0;0;0
Japan;Nombre1;Apellido1;1;0;0;0;0;0;0
Japan;Nombre2;Apellido2;2;0;0;0;0;0;0
Japan;Nombre3;Apellido3;3;0;0;0;0;0;0
Japan;Nombre4;Apellido4;4;0;0;0;0;0;0
Japan;Nombre5;Apellido5;5;0;0;0;0;0;0
Japan;Nombre6;Apellido6;6;0;0;0;0;0;0
Japan;Nombre7;Apellido7;7;0;0;0;0;0;0
Japan;Nombre8;Apellido8;8;0;0;0;0;0;0
Japan;Nombre9;Apellido9;9;0;0;0;0;0;0
Japan;Nombre10;Apellido10;10;0;0;0;0;0;0
Japan;Nombre11;Apellido11;11;0;0;0;0;0;0
Japan;Nombre12;Apellido12;12;0;0;0;0;0;0
Japan;Nombre13;Apellido13;13;0;0;0;0;0;0
Japan;Nombre14;Apellido14;14;0;0;0;0;0;0
Japan;Nombre15;Apellido15;15;0;0;0;0;0;0
Japan;Nombre16;Apellido16;16;0;0;0;0;0;0
Japan;Nombre17;Apellido17;17;0;0;0;0;0;0
Japan;Nombre18;Apellido18;18;0;0;0;0;0;0
Japan;Nombre19;Apellido19;19;0;0;0;0;0;0
Japan;Nombre20;Apellido20;20;0;0;0;0;0;0
Japan;Nombre21;Apellido21;21;0;0;0;0;0;0
Japan;Nombre22;Apellido22;22;0;0;0;0;0;0
Japan;Nombre23;Apellido23;23;0;0;0;0;0;0
Japan;Nombre24;Apellido24;24;0;0;0;0;0;0
Japan;Nombre25;Apellido25;25;0;0;0;0;0;0
Japan;Nombre26;Apellido26;26;0;0;0;0;0;0
Iran;Nombre1;Apellido1;1;0;0;0;0;0;0
Iran;Nombre2;Apellido2;2;0;0;0;0;0;0
Iran;Nombre3;Apellido3;3;0;0;0;0;0;0
Iran;Nombre4;Apellido4;4;0;0;0;0;0;0
Iran;Nombre5;Apellido5;5;0;0;0;0;0;0
Iran;Nombre6;Apellido6;6;0;0;0;0;0;0
Iran;Nombre7;Apellido7;7;0;0;0;0;0;0
Iran;Nombre8;Apellido8;8;0;0;0;0;0;0
Iran;Nombre9;Apellido9;9;0;0;0;0;0;0
Iran;Nombre10;Apellido10;10;0;0;0;0;0;0
Iran;Nombre11;Apellido11;11;0;0;0;0;0;0
Iran;Nombre12;Apellido12;12;0;0;0;0;0;0
Iran;Nombre13;Apellido13;13;0;0;0;0;0;0
Iran;Nombre14;Apellido14;14;0;0;0;0;0;0
Iran;Nombre15;Apellido15;15;0;0;0;0;0;0
Iran;Nombre16;Apellido16;16;0;0;0;0;0;0
Iran;Nombre17;Apellido17;17;0;0;0;0;0;0
Iran;Nombre18;Apellido18;18;0;0;0;0;0;0
Iran;Nombre19;Apellido19;19;0;0;0;0;0;0
Iran;Nombre20;Apellido20;20;0;0;0;0;0;0
Iran;Nombre21;Apellido21;21;0;0;0;0;0;0
Iran;Nombre22;Apellido22;22;0;0;0;0;0;0
Iran;Nombre23;Apellido23;23;0;0;0;0;0;0
Iran;Nombre24;Apellido24;24;0;0;0;0;0;0
Iran;Nombre25;Apellido25;25;0;0;0;0;0;0
Iran;Nombre26;Apellido26;26;0;0;0;0;0;0
Senegal;Nombre1;Apellido1;1;0;0;0;0;0;0
Senegal;Nombre2;Apellido2;2;0;0;0;0;0;0
Senegal;Nombre3;Apellido3;3;0;0;0;0;0;0
Senegal;Nombre4;Apellido4;4;0;0;0;0;0;0
Senegal;Nombre5;Apellido5;5;0;0;0;0;0;0
Senegal;Nombre6;Apellido6;6;0;0;0;0;0;0
Senegal;Nombre7;Apellido7;7;0;0;0;0;0;0
Senegal;Nombre8;Apellido8;8;0;0;0;0;0;0
Senegal;Nombre9;Apellido9;9;0;0;0;0;0;0
Senegal;Nombre10;Apellido10;10;0;0;0;0;0;0
Senegal;Nombre11;Apellido11;11;0;0;0;0;0;0
Senegal;Nombre12;Apellido12;12;0;0;0;0;0;0
Senegal;Nombre13;Apellido13;13;0;0;0;0;0;0
Senegal;Nombre14;Apellido14;14;0;0;0;0;0;0
Senegal;Nombre15;Apellido15;15;0;0;0;0;0;0
Senegal;Nombre16;Apellido16;16;0;0;0;0;0;0
Senegal;Nombre17;Apellido17;17;0;0;0;0;0;0
Senegal;Nombre18;Apellido18;18;0;0;0;0;0;0
Senegal;Nombre19;Apellido19;19;0;0;0;0;0;0
Senegal;Nombre20;Apellido20;20;0;0;0;0;0;0
Senegal;Nombre21;Apellido21;21;0;0;0;0;0;0
Senegal;Nombre22;Apellido22;22;0;0;0;0;0;0
Senegal;Nombre23;Apellido23;23;0;0;0;0;0;0
Senegal;Nombre24;Apellido24;24;0;0;0;0;0;0
Senegal;Nombre25;Apellido25;25;0;0;0;0;0;0
Senegal;Nombre26;Apellido26;26;0;0;0;0;0;0
Denmark;Nombre1;Apellido1;1;0;0;0;0;0;0
Denmark;Nombre2;Apellido2;2;0;0;0;0;0;0
Denmark;Nombre3;Apellido3;3;0;0;0;0;0;0
Denmark;Nombre4;Apellido4;4;0;0;0;0;0;0
Denmark;Nombre5;Apellido5;5;0;0;0;0;0;0
Denmark;Nombre6;Apellido6;6;0;0;0;0;0;0
Denmark;Nombre7;Apellido7;7;0;0;0;0;0;0
Denmark;Nombre8;Apellido8;8;0;0;0;0;0;0
Denmark;Nombre9;Apellido9;9;0;0;0;0;0;0
Denmark;Nombre10;Apellido10;10;0;0;0;0;0;0
Denmark;Nombre11;Apellido11;11;0;0;0;0;0;0
Denmark;Nombre12;Apellido12;12;0;0;0;0;0;0
Denmark;Nombre13;Apellido13;13;0;0;0;0;0;0
Denmark;Nombre14;Apellido14;14;0;0;0;0;0;0
Denmark;Nombre15;Apellido15;15;0;0;0;0;0;0
Denmark;Nombre16;Apellido16;16;0;0;0;0;0;0
Denmark;Nombre17;Apellido17;17;0;0;0;0;0;0
Denmark;Nombre18;Apellido18;18;0;0;0;0;0;0
Denmark;Nombre19;Apellido19;19;0;0;0;0;0;0
Denmark;Nombre20;Apellido20;20;0;0;0;0;0;0
Denmark;Nombre21;Apellido21;21;0;0;0;0;0;0
Denmark;Nombre22;Apellido22;22;0;0;0;0;0;0
Denmark;Nombre23;Apellido23;23;0;0;0;0;0;0
Denmark;Nombre24;Apellido24;24;0;0;0;0;0;0
Denmark;Nombre25;Apellido25;25;0;0;0;0;0;0
Denmark;Nombre26;Apellido26;26;0;0;0;0;0;0
Austria;Nombre1;Apellido1;1;0;0;0;0;0;0
Austria;Nombre2;Apellido2;2;0;0;0;0;0;0
Austria;Nombre3;Apellido3;3;0;0;0;0;0;0
Austria;Nombre4;Apellido4;4;0;0;0;0;0;0
Austria;Nombre5;Apellido5;5;0;0;0;0;0;0
Austria;Nombre6;Apellido6;6;0;0;0;0;0;0
Austria;Nombre7;Apellido7;7;0;0;0;0;0;0
Austria;Nombre8;Apellido8;8;0;0;0;0;0;0
Austria;Nombre9;Apellido9;9;0;0;0;0;0;0
Austria;Nombre10;Apellido10;10;0;0;0;0;0;0
Austria;Nombre11;Apellido11;11;0;0;0;0;0;0
Austria;Nombre12;Apellido12;12;0;0;0;0;0;0
Austria;Nombre13;Apellido13;13;0;0;0;0;0;0
Austria;Nombre14;Apellido14;14;0;0;0;0;0;0
Austria;Nombre15;Apellido15;15;0;0;0;0;0;0
Austria;Nombre16;Apellido16;16;0;0;0;0;0;0
Austria;Nombre17;Apellido17;17;0;0;0;0;0;0
Austria;Nombre18;Apellido18;18;0;0;0;0;0;0
Austria;Nombre19;Apellido19;19;0;0;0;0;0;0
Austria;Nombre20;Apellido20;20;0;0;0;0;0;0
Austria;Nombre21;Apellido21;21;0;0;0;0;0;0
Austria;Nombre22;Apellido22;22;0;0;0;0;0;0
Austria;Nombre23;Apellido23;23;0;0;0;0;0;0
Austria;Nombre24;Apellido24;24;0;0;0;0;0;0
Austria;Nombre25;Apellido25;25;0;0;0;0;0;0
Austria;Nombre26;Apellido26;26;0;0;0;0;0;0
Korea Republic;Nombre1;Apellido1;1;0;0;0;0;0;0
Korea Republic;Nombre2;Apellido2;2;0;0;0;0;0;0
Korea Republic;Nombre3;Apellido3;3;0;0;0;0;0;0
Korea Republic;Nombre4;Apellido4;4;0;0;0;0;0;0
Korea Republic;Nombre5;Apellido5;5;0;0;0;0;0;0
Korea Republic;Nombre6;Apellido6;6;0;0;0;0;0;0
Korea Republic;Nombre7;Apellido7;7;0;0;0;0;0;0
Korea Republic;Nombre8;Apellido8;8;0;0;0;0;0;0
Korea Republic;Nombre9;Apellido9;9;0;0;0;0;0;0
Korea Republic;Nombre10;Apellido10;10;0;0;0;0;0;0
Korea Republic;Nombre11;Apellido11;11;0;0;0;0;0;0
Korea Republic;Nombre12;Apellido12;12;0;0;0;0;0;0
Korea Republic;Nombre13;Apellido13;13;0;0;0;0;0;0
Korea Republic;Nombre14;Apellido14;14;0;0;0;0;0;0
Korea Republic;Nombre15;Apellido15;15;0;0;0;0;0;0
Korea Republic;Nombre16;Apellido16;16;0;0;0;0;0;0
Korea Republic;Nombre17;Apellido17;17;0;0;0;0;0;0
Korea Republic;Nombre18;Apellido18;18;0;0;0;0;0;0
Korea Republic;Nombre19;Apellido19;19;0;0;0;0;0;0
Korea Republic;Nombre20;Apellido20;20;0;0;0;0;0;0
Korea Republic;Nombre21;Apellido21;21;0;0;0;0;0;0
Korea Republic;Nombre22;Apellido22;22;0;0;0;0;0;0
Korea Republic;Nombre23;Apellido23;23;0;0;0;0;0;0
Korea Republic;Nombre24;Apellido24;24;0;0;0;0;0;0
Korea Republic;Nombre25;Apellido25;25;0;0;0;0;0;0
Korea Republic;Nombre26;Apellido26;26;0;0;0;0;0;0
Australia;Nombre1;Apellido1;1;0;0;0;0;0;0
Australia;Nombre2;Apellido2;2;0;0;0;0;0;0
Australia;Nombre3;Apellido3;3;0;0;0;0;0;0
Australia;Nombre4;Apellido4;4;0;0;0;0;0;0
Australia;Nombre5;Apellido5;5;0;0;0;0;0;0
Australia;Nombre6;Apellido6;6;0;0;0;0;0;0
Australia;Nombre7;Apellido7;7;0;0;0;0;0;0
Australia;Nombre8;Apellido8;8;0;0;0;0;0;0
Australia;Nombre9;Apellido9;9;0;0;0;0;0;0
Australia;Nombre10;Apellido10;10;0;0;0;0;0;0
Australia;Nombre11;Apellido11;11;0;0;0;0;0;0
Australia;Nombre12;Apellido12;12;0;0;0;0;0;0
Australia;Nombre13;Apellido13;13;0;0;0;0;0;0
Australia;Nombre14;Apellido14;14;0;0;0;0;0;0
Australia;Nombre15;Apellido15;15;0;0;0;0;0;0
Australia;Nombre16;Apellido16;16;0;0;0;0;0;0
Australia;Nombre17;Apellido17;17;0;0;0;0;0;0
Australia;Nombre18;Apellido18;18;0;0;0;0;0;0
Australia;Nombre19;Apellido19;19;0;0;0;0;0;0
Australia;Nombre20;Apellido20;20;0;0;0;0;0;0
Australia;Nombre21;Apellido21;21;0;0;0;0;0;0
Australia;Nombre22;Apellido22;22;0;0;0;0;0;0
Australia;Nombre23;Apellido23;23;0;0;0;0;0;0
Australia;Nombre24;Apellido24;24;0;0;0;0;0;0
Australia;Nombre25;Apellido25;25;0;0;0;0;0;0
Australia;Nombre26;Apellido26;26;0;0;0;0;0;0
Turkey;Nombre1;Apellido1;1;0;0;0;0;0;0
Turkey;Nombre2;Apellido2;2;0;0;0;0;0;0
Turkey;Nombre3;Apellido3;3;0;0;0;0;0;0
Turkey;Nombre4;Apellido4;4;0;0;0;0;0;0
Turkey;Nombre5;Apellido5;5;0;0;0;0;0;0
Turkey;Nombre6;Apellido6;6;0;0;0;0;0;0
Turkey;Nombre7;Apellido7;7;0;0;0;0;0;0
Turkey;Nombre8;Apellido8;8;0;0;0;0;0;0
Turkey;Nombre9;Apellido9;9;0;0;0;0;0;0
Turkey;Nombre10;Apellido10;10;0;0;0;0;0;0
Turkey;Nombre11;Apellido11;11;0;0;0;0;0;0
Turkey;Nombre12;Apellido12;12;0;0;0;0;0;0
Turkey;Nombre13;Apellido13;13;0;0;0;0;0;0
Turkey;Nombre14;Apellido14;14;0;0;0;0;0;0
Turkey;Nombre15;Apellido15;15;0;0;0;0;0;0
Turkey;Nombre16;Apellido16;16;0;0;0;0;0;0
Turkey;Nombre17;Apellido17;17;0;0;0;0;0;0
Turkey;Nombre18;Apellido18;18;0;0;0;0;0;0
Turkey;Nombre19;Apellido19;19;0;0;0;0;0;0
Turkey;Nombre20;Apellido20;20;0;0;0;0;0;0
Turkey;Nombre21;Apellido21;21;0;0;0;0;0;0
Turkey;Nombre22;Apellido22;22;0;0;0;0;0;0
Turkey;Nombre23;Apellido23;23;0;0;0;0;0;0
Turkey;Nombre24;Apellido24;24;0;0;0;0;0;0
Turkey;Nombre25;Apellido25;25;0;0;0;0;0;0
Turkey;Nombre26;Apellido26;26;0;0;0;0;0;0
Serbia;Nombre1;Apellido1;1;0;0;0;0;0;0
Serbia;Nombre2;Apellido2;2;0;0;0;0;0;0
Serbia;Nombre3;Apellido3;3;0;0;0;0;0;0
Serbia;Nombre4;Apellido4;4;0;0;0;0;0;0
Serbia;Nombre5;Apellido5;5;0;0;0;0;0;0
Serbia;Nombre6;Apellido6;6;0;0;0;0;0;0
Serbia;Nombre7;Apellido7;7;0;0;0;0;0;0
Serbia;Nombre8;Apellido8;8;0;0;0;0;0;0
Serbia;Nombre9;Apellido9;9;0;0;0;0;0;0
Serbia;Nombre10;Apellido10;10;0;0;0;0;0;0
Serbia;Nombre11;Apellido11;11;0;0;0;0;0;0
Serbia;Nombre12;Apellido12;12;0;0;0;0;0;0
Serbia;Nombre13;Apellido13;13;0;0;0;0;0;0
Serbia;Nombre14;Apellido14;14;0;0;0;0;0;0
Serbia;Nombre15;Apellido15;15;0;0;0;0;0;0
Serbia;Nombre16;Apellido16;16;0;0;0;0;0;0
Serbia;Nombre17;Apellido17;17;0;0;0;0;0;0
Serbia;Nombre18;Apellido18;18;0;0;0;0;0;0
Serbia;Nombre19;Apellido19;19;0;0;0;0;0;0
Serbia;Nombre20;Apellido20;20;0;0;0;0;0;0
Serbia;Nombre21;Apellido21;21;0;0;0;0;0;0
Serbia;Nombre22;Apellido22;22;0;0;0;0;0;0
Serbia;Nombre23;Apellido23;23;0;0;0;0;0;0
Serbia;Nombre24;Apellido24;24;0;0;0;0;0;0
Serbia;Nombre25;Apellido25;25;0;0;0;0;0;0
Serbia;Nombre26;Apellido26;26;0;0;0;0;0;0
Sweden;Nombre1;Apellido1;1;0;0;0;0;0;0
Sweden;Nombre2;Apellido2;2;0;0;0;0;0;0
Sweden;Nombre3;Apellido3;3;0;0;0;0;0;0
Sweden;Nombre4;Apellido4;4;0;0;0;0;0;0
Sweden;Nombre5;Apellido5;5;0;0;0;0;0;0
Sweden;Nombre6;Apellido6;6;0;0;0;0;0;0
Sweden;Nombre7;Apellido7;7;0;0;0;0;0;0
Sweden;Nombre8;Apellido8;8;0;0;0;0;0;0
Sweden;Nombre9;Apellido9;9;0;0;0;0;0;0
Sweden;Nombre10;Apellido10;10;0;0;0;0;0;0
Sweden;Nombre11;Apellido11;11;0;0;0;0;0;0
Sweden;Nombre12;Apellido12;12;0;0;0;0;0;0
Sweden;Nombre13;Apellido13;13;0;0;0;0;0;0
Sweden;Nombre14;Apellido14;14;0;0;0;0;0;0
Sweden;Nombre15;Apellido15;15;0;0;0;0;0;0
Sweden;Nombre16;Apellido16;16;0;0;0;0;0;0
Sweden;Nombre17;Apellido17;17;0;0;0;0;0;0
Sweden;Nombre18;Apellido18;18;0;0;0;0;0;0
Sweden;Nombre19;Apellido19;19;0;0;0;0;0;0
Sweden;Nombre20;Apellido20;20;0;0;0;0;0;0
Sweden;Nombre21;Apellido21;21;0;0;0;0;0;0
Sweden;Nombre22;Apellido22;22;0;0;0;0;0;0
Sweden;Nombre23;Apellido23;23;0;0;0;0;0;0
Sweden;Nombre24;Apellido24;24;0;0;0;0;0;0
Sweden;Nombre25;Apellido25;25;0;0;0;0;0;0
Sweden;Nombre26;Apellido26;26;0;0;0;0;0;0
Egypt;Nombre1;Apellido1;1;0;0;0;0;0;0
Egypt;Nombre2;Apellido2;2;0;0;0;0;0;0
Egypt;Nombre3;Apellido3;3;0;0;0;0;0;0
Egypt;Nombre4;Apellido4;4;0;0;0;0;0;0
Egypt;Nombre5;Apellido5;5;0;0;0;0;0;0
Egypt;Nombre6;Apellido6;6;0;0;0;0;0;0
Egypt;Nombre7;Apellido7;7;0;0;0;0;0;0
Egypt;Nombre8;Apellido8;8;0;0;0;0;0;0
Egypt;Nombre9;Apellido9;9;0;0;0;0;0;0
Egypt;Nombre10;Apellido10;10;0;0;0;0;0;0
Egypt;Nombre11;Apellido11;11;0;0;0;0;0;0
Egypt;Nombre12;Apellido12;12;0;0;0;0;0;0
Egypt;Nombre13;Apellido13;13;0;0;0;0;0;0
Egypt;Nombre14;Apellido14;14;0;0;0;0;0;0
Egypt;Nombre15;Apellido15;15;0;0;0;0;0;0
Egypt;Nombre16;Apellido16;16;0;0;0;0;0;0
Egypt;Nombre17;Apellido17;17;0;0;0;0;0;0
Egypt;Nombre18;Apellido18;18;0;0;0;0;0;0
Egypt;Nombre19;Apellido19;19;0;0;0;0;0;0
Egypt;Nombre20;Apellido20;20;0;0;0;0;0;0
Egypt;Nombre21;Apellido21;21;0;0;0;0;0;0
Egypt;Nombre22;Apellido22;22;0;0;0;0;0;0
Egypt;Nombre23;Apellido23;23;0;0;0;0;0;0
Egypt;Nombre24;Apellido24;24;0;0;0;0;0;0
Egypt;Nombre25;Apellido25;25;0;0;0;0;0;0
Egypt;Nombre26;Apellido26;26;0;0;0;0;0;0
Canada;Nombre1;Apellido1;1;0;0;0;0;0;0
Canada;Nombre2;Apellido2;2;0;0;0;0;0;0
Canada;Nombre3;Apellido3;3;0;0;0;0;0;0
Canada;Nombre4;Apellido4;4;0;0;0;0;0;0
Canada;Nombre5;Apellido5;5;0;0;0;0;0;0
Canada;Nombre6;Apellido6;6;0;0;0;0;0;0
Canada;Nombre7;Apellido7;7;0;0;0;0;0;0
Canada;Nombre8;Apellido8;8;0;0;0;0;0;0
Canada;Nombre9;Apellido9;9;0;0;0;0;0;0
Canada;Nombre10;Apellido10;10;0;0;0;0;0;0
Canada;Nombre11;Apellido11;11;0;0;0;0;0;0
Canada;Nombre12;Apellido12;12;0;0;0;0;0;0
Canada;Nombre13;Apellido13;13;0;0;0;0;0;0
Canada;Nombre14;Apellido14;14;0;0;0;0;0;0
Canada;Nombre15;Apellido15;15;0;0;0;0;0;0
Canada;Nombre16;Apellido16;16;0;0;0;0;0;0
Canada;Nombre17;Apellido17;17;0;0;0;0;0;0
Canada;Nombre18;Apellido18;18;0;0;0;0;0;0
Canada;Nombre19;Apellido19;19;0;0;0;0;0;0
Canada;Nombre20;Apellido20;20;0;0;0;0;0;0
Canada;Nombre21;Apellido21;21;0;0;0;0;0;0
Canada;Nombre22;Apellido22;22;0;0;0;0;0;0
Canada;Nombre23;Apellido23;23;0;0;0;0;0;0
Canada;Nombre24;Apellido24;24;0;0;0;0;0;0
Canada;Nombre25;Apellido25;25;0;0;0;0;0;0
Canada;Nombre26;Apellido26;26;0;0;0;0;0;0
Paraguay;Nombre1;Apellido1;1;0;0;0;0;0;0
Paraguay;Nombre2;Apellido2;2;0;0;0;0;0;0
Paraguay;Nombre3;Apellido3;3;0;0;0;0;0;0
Paraguay;Nombre4;Apellido4;4;0;0;0;0;0;0
Paraguay;Nombre5;Apellido5;5;0;0;0;0;0;0
Paraguay;Nombre6;Apellido6;6;0;0;0;0;0;0
Paraguay;Nombre7;Apellido7;7;0;0;0;0;0;0
Paraguay;Nombre8;Apellido8;8;0;0;0;0;0;0
Paraguay;Nombre9;Apellido9;9;0;0;0;0;0;0
Paraguay;Nombre10;Apellido10;10;0;0;0;0;0;0
Paraguay;Nombre11;Apellido11;11;0;0;0;0;0;0
Paraguay;Nombre12;Apellido12;12;0;0;0;0;0;0
Paraguay;Nombre13;Apellido13;13;0;0;0;0;0;0
Paraguay;Nombre14;Apellido14;14;0;0;0;0;0;0
Paraguay;Nombre15;Apellido15;15;0;0;0;0;0;0
Paraguay;Nombre16;Apellido16;16;0;0;0;0;0;0
Paraguay;Nombre17;Apellido17;17;0;0;0;0;0;0
Paraguay;Nombre18;Apellido18;18;0;0;0;0;0;0
Paraguay;Nombre19;Apellido19;19;0;0;0;0;0;0
Paraguay;Nombre20;Apellido20;20;0;0;0;0;0;0
Paraguay;Nombre21;Apellido21;21;0;0;0;0;0;0
Paraguay;Nombre22;Apellido22;22;0;0;0;0;0;0
Paraguay;Nombre23;Apellido23;23;0;0;0;0;0;0
Paraguay;Nombre24;Apellido24;24;0;0;0;0;0;0
Paraguay;Nombre25;Apellido25;25;0;0;0;0;0;0
Paraguay;Nombre26;Apellido26;26;0;0;0;0;0;0
Panama;Nombre1;Apellido1;1;0;0;0;0;0;0
Panama;Nombre2;Apellido2;2;0;0;0;0;0;0
Panama;Nombre3;Apellido3;3;0;0;0;0;0;0
Panama;Nombre4;Apellido4;4;0;0;0;0;0;0
Panama;Nombre5;Apellido5;5;0;0;0;0;0;0
Panama;Nombre6;Apellido6;6;0;0;0;0;0;0
Panama;Nombre7;Apellido7;7;0;0;0;0;0;0
Panama;Nombre8;Apellido8;8;0;0;0;0;0;0
Panama;Nombre9;Apellido9;9;0;0;0;0;0;0
Panama;Nombre10;Apellido10;10;0;0;0;0;0;0
Panama;Nombre11;Apellido11;11;0;0;0;0;0;0
Panama;Nombre12;Apellido12;12;0;0;0;0;0;0
Panama;Nombre13;Apellido13;13;0;0;0;0;0;0
Panama;Nombre14;Apellido14;14;0;0;0;0;0;0
Panama;Nombre15;Apellido15;15;0;0;0;0;0;0
Panama;Nombre16;Apellido16;16;0;0;0;0;0;0
Panama;Nombre17;Apellido17;17;0;0;0;0;0;0
Panama;Nombre18;Apellido18;18;0;0;0;0;0;0
Panama;Nombre19;Apellido19;19;0;0;0;0;0;0
Panama;Nombre20;Apellido20;20;0;0;0;0;0;0
Panama;Nombre21;Apellido21;21;0;0;0;0;0;0
Panama;Nombre22;Apellido22;22;0;0;0;0;0;0
Panama;Nombre23;Apellido23;23;0;0;0;0;0;0
Panama;Nombre24;Apellido24;24;0;0;0;0;0;0
Panama;Nombre25;Apellido25;25;0;0;0;0;0;0
Panama;Nombre26;Apellido26;26;0;0;0;0;0;0
Nigeria;Nombre1;Apellido1;1;0;0;0;0;0;0
Nigeria;Nombre2;Apellido2;2;0;0;0;0;0;0
Nigeria;Nombre3;Apellido3;3;0;0;0;0;0;0
Nigeria;Nombre4;Apellido4;4;0;0;0;0;0;0
Nigeria;Nombre5;Apellido5;5;0;0;0;0;0;0
Nigeria;Nombre6;Apellido6;6;0;0;0;0;0;0
Nigeria;Nombre7;Apellido7;7;0;0;0;0;0;0
Nigeria;Nombre8;Apellido8;8;0;0;0;0;0;0
Nigeria;Nombre9;Apellido9;9;0;0;0;0;0;0
Nigeria;Nombre10;Apellido10;10;0;0;0;0;0;0
Nigeria;Nombre11;Apellido11;11;0;0;0;0;0;0
Nigeria;Nombre12;Apellido12;12;0;0;0;0;0;0
Nigeria;Nombre13;Apellido13;13;0;0;0;0;0;0
Nigeria;Nombre14;Apellido14;14;0;0;0;0;0;0
Nigeria;Nombre15;Apellido15;15;0;0;0;0;0;0
Nigeria;Nombre16;Apellido16;16;0;0;0;0;0;0
Nigeria;Nombre17;Apellido17;17;0;0;0;0;0;0
Nigeria;Nombre18;Apellido18;18;0;0;0;0;0;0
Nigeria;Nombre19;Apellido19;19;0;0;0;0;0;0
Nigeria;Nombre20;Apellido20;20;0;0;0;0;0;0
Nigeria;Nombre21;Apellido21;21;0;0;0;0;0;0
Nigeria;Nombre22;Apellido22;22;0;0;0;0;0;0
Nigeria;Nombre23;Apellido23;23;0;0;0;0;0;0
Nigeria;Nombre24;Apellido24;24;0;0;0;0;0;0
Nigeria;Nombre25;Apellido25;25;0;0;0;0;0;0
Nigeria;Nombre26;Apellido26;26;0;0;0;0;0;0
Costa Rica;Nombre1;Apellido1;1;0;0;0;0;0;0
Costa Rica;Nombre2;Apellido2;2;0;0;0;0;0;0
Costa Rica;Nombre3;Apellido3;3;0;0;0;0;0;0
Costa Rica;Nombre4;Apellido4;4;0;0;0;0;0;0
Costa Rica;Nombre5;Apellido5;5;0;0;0;0;0;0
Costa Rica;Nombre6;Apellido6;6;0;0;0;0;0;0
Costa Rica;Nombre7;Apellido7;7;0;0;0;0;0;0
Costa Rica;Nombre8;Apellido8;8;0;0;0;0;0;0
Costa Rica;Nombre9;Apellido9;9;0;0;0;0;0;0
Costa Rica;Nombre10;Apellido10;10;0;0;0;0;0;0
Costa Rica;Nombre11;Apellido11;11;0;0;0;0;0;0
Costa Rica;Nombre12;Apellido12;12;0;0;0;0;0;0
Costa Rica;Nombre13;Apellido13;13;0;0;0;0;0;0
Costa Rica;Nombre14;Apellido14;14;0;0;0;0;0;0
Costa Rica;Nombre15;Apellido15;15;0;0;0;0;0;0
Costa Rica;Nombre16;Apellido16;16;0;0;0;0;0;0
Costa Rica;Nombre17;Apellido17;17;0;0;0;0;0;0
Costa Rica;Nombre18;Apellido18;18;0;0;0;0;0;0
Costa Rica;Nombre19;Apellido19;19;0;0;0;0;0;0
Costa Rica;Nombre20;Apellido20;20;0;0;0;0;0;0
Costa Rica;Nombre21;Apellido21;21;0;0;0;0;0;0
Costa Rica;Nombre22;Apellido22;22;0;0;0;0;0;0
Costa Rica;Nombre23;Apellido23;23;0;0;0;0;0;0
Costa Rica;Nombre24;Apellido24;24;0;0;0;0;0;0
Costa Rica;Nombre25;Apellido25;25;0;0;0;0;0;0
Costa Rica;Nombre26;Apellido26;26;0;0;0;0;0;0
Tunisia;Nombre1;Apellido1;1;0;0;0;0;0;0
Tunisia;Nombre2;Apellido2;2;0;0;0;0;0;0
Tunisia;Nombre3;Apellido3;3;0;0;0;0;0;0
Tunisia;Nombre4;Apellido4;4;0;0;0;0;0;0
Tunisia;Nombre5;Apellido5;5;0;0;0;0;0;0
Tunisia;Nombre6;Apellido6;6;0;0;0;0;0;0
Tunisia;Nombre7;Apellido7;7;0;0;0;0;0;0
Tunisia;Nombre8;Apellido8;8;0;0;0;0;0;0
Tunisia;Nombre9;Apellido9;9;0;0;0;0;0;0
Tunisia;Nombre10;Apellido10;10;0;0;0;0;0;0
Tunisia;Nombre11;Apellido11;11;0;0;0;0;0;0
Tunisia;Nombre12;Apellido12;12;0;0;0;0;0;0
Tunisia;Nombre13;Apellido13;13;0;0;0;0;0;0
Tunisia;Nombre14;Apellido14;14;0;0;0;0;0;0
Tunisia;Nombre15;Apellido15;15;0;0;0;0;0;0
Tunisia;Nombre16;Apellido16;16;0;0;0;0;0;0
Tunisia;Nombre17;Apellido17;17;0;0;0;0;0;0
Tunisia;Nombre18;Apellido18;18;0;0;0;0;0;0
Tunisia;Nombre19;Apellido19;19;0;0;0;0;0;0
Tunisia;Nombre20;Apellido20;20;0;0;0;0;0;0
Tunisia;Nombre21;Apellido21;21;0;0;0;0;0;0
Tunisia;Nombre22;Apellido22;22;0;0;0;0;0;0
Tunisia;Nombre23;Apellido23;23;0;0;0;0;0;0
Tunisia;Nombre24;Apellido24;24;0;0;0;0;0;0
Tunisia;Nombre25;Apellido25;25;0;0;0;0;0;0
Tunisia;Nombre26;Apellido26;26;0;0;0;0;0;0
Czech Republic;Nombre1;Apellido1;1;0;0;0;0;0;0
Czech Republic;Nombre2;Apellido2;2;0;0;0;0;0;0
Czech Republic;Nombre3;Apellido3;3;0;0;0;0;0;0
Czech Republic;Nombre4;Apellido4;4;0;0;0;0;0;0
Czech Republic;Nombre5;Apellido5;5;0;0;0;0;0;0
Czech Republic;Nombre6;Apellido6;6;0;0;0;0;0;0
Czech Republic;Nombre7;Apellido7;7;0;0;0;0;0;0
Czech Republic;Nombre8;Apellido8;8;0;0;0;0;0;0
Czech Republic;Nombre9;Apellido9;9;0;0;0;0;0;0
Czech Republic;Nombre10;Apellido10;10;0;0;0;0;0;0
Czech Republic;Nombre11;Apellido11;11;0;0;0;0;0;0
Czech Republic;Nombre12;Apellido12;12;0;0;0;0;0;0
Czech Republic;Nombre13;Apellido13;13;0;0;0;0;0;0
Czech Republic;Nombre14;Apellido14;14;0;0;0;0;0;0
Czech Republic;Nombre15;Apellido15;15;0;0;0;0;0;0
Czech Republic;Nombre16;Apellido16;16;0;0;0;0;0;0
Czech Republic;Nombre17;Apellido17;17;0;0;0;0;0;0
Czech Republic;Nombre18;Apellido18;18;0;0;0;0;0;0
Czech Republic;Nombre19;Apellido19;19;0;0;0;0;0;0
Czech Republic;Nombre20;Apellido20;20;0;0;0;0;0;0
Czech Republic;Nombre21;Apellido21;21;0;0;0;0;0;0
Czech Republic;Nombre22;Apellido22;22;0;0;0;0;0;0
Czech Republic;Nombre23;Apellido23;23;0;0;0;0;0;0
Czech Republic;Nombre24;Apellido24;24;0;0;0;0;0;0
Czech Republic;Nombre25;Apellido25;25;0;0;0;0;0;0
Czech Republic;Nombre26;Apellido26;26;0;0;0;0;0;0
Qatar;Nombre1;Apellido1;1;0;0;0;0;0;0
Qatar;Nombre2;Apellido2;2;0;0;0;0;0;0
Qatar;Nombre3;Apellido3;3;0;0;0;0;0;0
Qatar;Nombre4;Apellido4;4;0;0;0;0;0;0
Qatar;Nombre5;Apellido5;5;0;0;0;0;0;0
Qatar;Nombre6;Apellido6;6;0;0;0;0;0;0
Qatar;Nombre7;Apellido7;7;0;0;0;0;0;0
Qatar;Nombre8;Apellido8;8;0;0;0;0;0;0
Qatar;Nombre9;Apellido9;9;0;0;0;0;0;0
Qatar;Nombre10;Apellido10;10;0;0;0;0;0;0
Qatar;Nombre11;Apellido11;11;0;0;0;0;0;0
Qatar;Nombre12;Apellido12;12;0;0;0;0;0;0
Qatar;Nombre13;Apellido13;13;0;0;0;0;0;0
Qatar;Nombre14;Apellido14;14;0;0;0;0;0;0
Qatar;Nombre15;Apellido15;15;0;0;0;0;0;0
Qatar;Nombre16;Apellido16;16;0;0;0;0;0;0
Qatar;Nombre17;Apellido17;17;0;0;0;0;0;0
Qatar;Nombre18;Apellido18;18;0;0;0;0;0;0
Qatar;Nombre19;Apellido19;19;0;0;0;0;0;0
Qatar;Nombre20;Apellido20;20;0;0;0;0;0;0
Qatar;Nombre21;Apellido21;21;0;0;0;0;0;0
Qatar;Nombre22;Apellido22;22;0;0;0;0;0;0
Qatar;Nombre23;Apellido23;23;0;0;0;0;0;0
Qatar;Nombre24;Apellido24;24;0;0;0;0;0;0
Qatar;Nombre25;Apellido25;25;0;0;0;0;0;0
Qatar;Nombre26;Apellido26;26;0;0;0;0;0;0
Cameroon;Nombre1;Apellido1;1;0;0;0;0;0;0
Cameroon;Nombre2;Apellido2;2;0;0;0;0;0;0
Cameroon;Nombre3;Apellido3;3;0;0;0;0;0;0
Cameroon;Nombre4;Apellido4;4;0;0;0;0;0;0
Cameroon;Nombre5;Apellido5;5;0;0;0;0;0;0
Cameroon;Nombre6;Apellido6;6;0;0;0;0;0;0
Cameroon;Nombre7;Apellido7;7;0;0;0;0;0;0
Cameroon;Nombre8;Apellido8;8;0;0;0;0;0;0
Cameroon;Nombre9;Apellido9;9;0;0;0;0;0;0
Cameroon;Nombre10;Apellido10;10;0;0;0;0;0;0
Cameroon;Nombre11;Apellido11;11;0;0;0;0;0;0
Cameroon;Nombre12;Apellido12;12;0;0;0;0;0;0
Cameroon;Nombre13;Apellido13;13;0;0;0;0;0;0
Cameroon;Nombre14;Apellido14;14;0;0;0;0;0;0
Cameroon;Nombre15;Apellido15;15;0;0;0;0;0;0
Cameroon;Nombre16;Apellido16;16;0;0;0;0;0;0
Cameroon;Nombre17;Apellido17;17;0;0;0;0;0;0
Cameroon;Nombre18;Apellido18;18;0;0;0;0;0;0
Cameroon;Nombre19;Apellido19;19;0;0;0;0;0;0
Cameroon;Nombre20;Apellido20;20;0;0;0;0;0;0
Cameroon;Nombre21;Apellido21;21;0;0;0;0;0;0
Cameroon;Nombre22;Apellido22;22;0;0;0;0;0;0
Cameroon;Nombre23;Apellido23;23;0;0;0;0;0;0
Cameroon;Nombre24;Apellido24;24;0;0;0;0;0;0
Cameroon;Nombre25;Apellido25;25;0;0;0;0;0;0
Cameroon;Nombre26;Apellido26;26;0;0;0;0;0;0
Scotland;Nombre1;Apellido1;1;0;0;0;0;0;0
Scotland;Nombre2;Apellido2;2;0;0;0;0;0;0
Scotland;Nombre3;Apellido3;3;0;0;0;0;0;0
Scotland;Nombre4;Apellido4;4;0;0;0;0;0;0
Scotland;Nombre5;Apellido5;5;0;0;0;0;0;0
Scotland;Nombre6;Apellido6;6;0;0;0;0;0;0
Scotland;Nombre7;Apellido7;7;0;0;0;0;0;0
Scotland;Nombre8;Apellido8;8;0;0;0;0;0;0
Scotland;Nombre9;Apellido9;9;0;0;0;0;0;0
Scotland;Nombre10;Apellido10;10;0;0;0;0;0;0
Scotland;Nombre11;Apellido11;11;0;0;0;0;0;0
Scotland;Nombre12;Apellido12;12;0;0;0;0;0;0
Scotland;Nombre13;Apellido13;13;0;0;0;0;0;0
Scotland;Nombre14;Apellido14;14;0;0;0;0;0;0
Scotland;Nombre15;Apellido15;15;0;0;0;0;0;0
Scotland;Nombre16;Apellido16;16;0;0;0;0;0;0
Scotland;Nombre17;Apellido17;17;0;0;0;0;0;0
Scotland;Nombre18;Apellido18;18;0;0;0;0;0;0
Scotland;Nombre19;Apellido19;19;0;0;0;0;0;0
Scotland;Nombre20;Apellido20;20;0;0;0;0;0;0
Scotland;Nombre21;Apellido21;21;0;0;0;0;0;0
Scotland;Nombre22;Apellido22;22;0;0;0;0;0;0
Scotland;Nombre23;Apellido23;23;0;0;0;0;0;0
Scotland;Nombre24;Apellido24;24;0;0;0;0;0;0
Scotland;Nombre25;Apellido25;25;0;0;0;0;0;0
Scotland;Nombre26;Apellido26;26;0;0;0;0;0;0
Uzbekistan;Nombre1;Apellido1;1;0;0;0;0;0;0
Uzbekistan;Nombre2;Apellido2;2;0;0;0;0;0;0
Uzbekistan;Nombre3;Apellido3;3;0;0;0;0;0;0
Uzbekistan;Nombre4;Apellido4;4;0;0;0;0;0;0
Uzbekistan;Nombre5;Apellido5;5;0;0;0;0;0;0
Uzbekistan;Nombre6;Apellido6;6;0;0;0;0;0;0
Uzbekistan;Nombre7;Apellido7;7;0;0;0;0;0;0
Uzbekistan;Nombre8;Apellido8;8;0;0;0;0;0;0
Uzbekistan;Nombre9;Apellido9;9;0;0;0;0;0;0
Uzbekistan;Nombre10;Apellido10;10;0;0;0;0;0;0
Uzbekistan;Nombre11;Apellido11;11;0;0;0;0;0;0
Uzbekistan;Nombre12;Apellido12;12;0;0;0;0;0;0
Uzbekistan;Nombre13;Apellido13;13;0;0;0;0;0;0
Uzbekistan;Nombre14;Apellido14;14;0;0;0;0;0;0
Uzbekistan;Nombre15;Apellido15;15;0;0;0;0;0;0
Uzbekistan;Nombre16;Apellido16;16;0;0;0;0;0;0
Uzbekistan;Nombre17;Apellido17;17;0;0;0;0;0;0
Uzbekistan;Nombre18;Apellido18;18;0;0;0;0;0;0
Uzbekistan;Nombre19;Apellido19;19;0;0;0;0;0;0
Uzbekistan;Nombre20;Apellido20;20;0;0;0;0;0;0
Uzbekistan;Nombre21;Apellido21;21;0;0;0;0;0;0
Uzbekistan;Nombre22;Apellido22;22;0;0;0;0;0;0
Uzbekistan;Nombre23;Apellido23;23;0;0;0;0;0;0
Uzbekistan;Nombre24;Apellido24;24;0;0;0;0;0;0
Uzbekistan;Nombre25;Apellido25;25;0;0;0;0;0;0
Uzbekistan;Nombre26;Apellido26;26;0;0;0;0;0;0
South Africa;Nombre1;Apellido1;1;0;0;0;0;0;0
South Africa;Nombre2;Apellido2;2;0;0;0;0;0;0
South Africa;Nombre3;Apellido3;3;0;0;0;0;0;0
South Africa;Nombre4;Apellido4;4;0;0;0;0;0;0
South Africa;Nombre5;Apellido5;5;0;0;0;0;0;0
South Africa;Nombre6;Apellido6;6;0;0;0;0;0;0
South Africa;Nombre7;Apellido7;7;0;0;0;0;0;0
South Africa;Nombre8;Apellido8;8;0;0;0;0;0;0
South Africa;Nombre9;Apellido9;9;0;0;0;0;0;0
South Africa;Nombre10;Apellido10;10;0;0;0;0;0;0
South Africa;Nombre11;Apellido11;11;0;0;0;0;0;0
South Africa;Nombre12;Apellido12;12;0;0;0;0;0;0
South Africa;Nombre13;Apellido13;13;0;0;0;0;0;0
South Africa;Nombre14;Apellido14;14;0;0;0;0;0;0
South Africa;Nombre15;Apellido15;15;0;0;0;0;0;0
South Africa;Nombre16;Apellido16;16;0;0;0;0;0;0
South Africa;Nombre17;Apellido17;17;0;0;0;0;0;0
South Africa;Nombre18;Apellido18;18;0;0;0;0;0;0
South Africa;Nombre19;Apellido19;19;0;0;0;0;0;0
South Africa;Nombre20;Apellido20;20;0;0;0;0;0;0
South Africa;Nombre21;Apellido21;21;0;0;0;0;0;0
South Africa;Nombre22;Apellido22;22;0;0;0;0;0;0
South Africa;Nombre23;Apellido23;23;0;0;0;0;0;0
South Africa;Nombre24;Apellido24;24;0;0;0;0;0;0
South Africa;Nombre25;Apellido25;25;0;0;0;0;0;0
South Africa;Nombre26;Apellido26;26;0;0;0;0;0;0
Saudi Arabia;Nombre1;Apellido1;1;0;0;0;0;0;0
Saudi Arabia;Nombre2;Apellido2;2;0;0;0;0;0;0
Saudi Arabia;Nombre3;Apellido3;3;0;0;0;0;0;0
Saudi Arabia;Nombre4;Apellido4;4;0;0;0;0;0;0
Saudi Arabia;Nombre5;Apellido5;5;0;0;0;0;0;0
Saudi Arabia;Nombre6;Apellido6;6;0;0;0;0;0;0
Saudi Arabia;Nombre7;Apellido7;7;0;0;0;0;0;0
Saudi Arabia;Nombre8;Apellido8;8;0;0;0;0;0;0
Saudi Arabia;Nombre9;Apellido9;9;0;0;0;0;0;0
Saudi Arabia;Nombre10;Apellido10;10;0;0;0;0;0;0
Saudi Arabia;Nombre11;Apellido11;11;0;0;0;0;0;0
Saudi Arabia;Nombre12;Apellido12;12;0;0;0;0;0;0
Saudi Arabia;Nombre13;Apellido13;13;0;0;0;0;0;0
Saudi Arabia;Nombre14;Apellido14;14;0;0;0;0;0;0
Saudi Arabia;Nombre15;Apellido15;15;0;0;0;0;0;0
Saudi Arabia;Nombre16;Apellido16;16;0;0;0;0;0;0
Saudi Arabia;Nombre17;Apellido17;17;0;0;0;0;0;0
Saudi Arabia;Nombre18;Apellido18;18;0;0;0;0;0;0
Saudi Arabia;Nombre19;Apellido19;19;0;0;0;0;0;0
Saudi Arabia;Nombre20;Apellido20;20;0;0;0;0;0;0
Saudi Arabia;Nombre21;Apellido21;21;0;0;0;0;0;0
Saudi Arabia;Nombre22;Apellido22;22;0;0;0;0;0;0
Saudi Arabia;Nombre23;Apellido23;23;0;0;0;0;0;0
Saudi Arabia;Nombre24;Apellido24;24;0;0;0;0;0;0
Saudi Arabia;Nombre25;Apellido25;25;0;0;0;0;0;0
Saudi Arabia;Nombre26;Apellido26;26;0;0;0;0;0;0
Bosnia and Herzegovina;Nombre1;Apellido1;1;0;0;0;0;0;0
Bosnia and Herzegovina;Nombre2;Apellido2;2;0;0;0;0;0;0
Bosnia and Herzegovina;Nombre3;Apellido3;3;0;0;0;0;0;0
Bosnia and Herzegovina;Nombre4;Apellido4;4;0;0;0;0;0;0
Bosnia and Herzegovina;Nombre5;Apellido5;5;0;0;0;0;0;0
Bosnia and Herzegovina;Nombre6;Apellido6;6;0;0;0;0;0;0
Bosnia and Herzegovina;Nombre7;Apellido7;7;0;0;0;0;0;0
Bosnia and Herzegovina;Nombre8;Apellido8;8;0;0;0;0;0;0
Bosnia and Herzegovina;Nombre9;Apellido9;9;0;0;0;0;0;0
Bosnia and Herzegovina;Nombre10;Apellido10;10;0;0;0;0;0;0
Bosnia and Herzegovina;Nombre11;Apellido11;11;0;0;0;0;0;0
Bosnia and Herzegovina;Nombre12;Apellido12;12;0;0;0;0;0;0
Bosnia and Herzegovina;Nombre13;Apellido13;13;0;0;0;0;0;0
Bosnia and Herzegovina;Nombre14;Apellido14;14;0;0;0;0;0;0
Bosnia and Herzegovina;Nombre15;Apellido15;15;0;0;0;0;0;0
Bosnia and Herzegovina;Nombre16;Apellido16;16;0;0;0;0;0;0
Bosnia and Herzegovina;Nombre17;Apellido17;17;0;0;0;0;0;0
Bosnia and Herzegovina;Nombre18;Apellido18;18;0;0;0;0;0;0
Bosnia and Herzegovina;Nombre19;Apellido19;19;0;0;0;0;0;0
Bosnia and Herzegovina;Nombre20;Apellido20;20;0;0;0;0;0;0
Bosnia and Herzegovina;Nombre21;Apellido21;21;0;0;0;0;0;0
Bosnia and Herzegovina;Nombre22;Apellido22;22;0;0;0;0;0;0
Bosnia and Herzegovina;Nombre23;Apellido23;23;0;0;0;0;0;0
Bosnia and Herzegovina;Nombre24;Apellido24;24;0;0;0;0;0;0
Bosnia and Herzegovina;Nombre25;Apellido25;25;0;0;0;0;0;0
Bosnia and Herzegovina;Nombre26;Apellido26;26;0;0;0;0;0;0
Iraq;Nombre1;Apellido1;1;0;0;0;0;0;0
Iraq;Nombre2;Apellido2;2;0;0;0;0;0;0
Iraq;Nombre3;Apellido3;3;0;0;0;0;0;0
Iraq;Nombre4;Apellido4;4;0;0;0;0;0;0
Iraq;Nombre5;Apellido5;5;0;0;0;0;0;0
Iraq;Nombre6;Apellido6;6;0;0;0;0;0;0
Iraq;Nombre7;Apellido7;7;0;0;0;0;0;0
Iraq;Nombre8;Apellido8;8;0;0;0;0;0;0
Iraq;Nombre9;Apellido9;9;0;0;0;0;0;0
Iraq;Nombre10;Apellido10;10;0;0;0;0;0;0
Iraq;Nombre11;Apellido11;11;0;0;0;0;0;0
Iraq;Nombre12;Apellido12;12;0;0;0;0;0;0
Iraq;Nombre13;Apellido13;13;0;0;0;0;0;0
Iraq;Nombre14;Apellido14;14;0;0;0;0;0;0
Iraq;Nombre15;Apellido15;15;0;0;0;0;0;0
Iraq;Nombre16;Apellido16;16;0;0;0;0;0;0
Iraq;Nombre17;Apellido17;17;0;0;0;0;0;0
Iraq;Nombre18;Apellido18;18;0;0;0;0;0;0
Iraq;Nombre19;Apellido19;19;0;0;0;0;0;0
Iraq;Nombre20;Apellido20;20;0;0;0;0;0;0
Iraq;Nombre21;Apellido21;21;0;0;0;0;0;0
Iraq;Nombre22;Apellido22;22;0;0;0;0;0;0
Iraq;Nombre23;Apellido23;23;0;0;0;0;0;0
Iraq;Nombre24;Apellido24;24;0;0;0;0;0;0
Iraq;Nombre25;Apellido25;25;0;0;0;0;0;0
Iraq;Nombre26;Apellido26;26;0;0;0;0;0;0
Jordan;Nombre1;Apellido1;1;0;0;0;0;0;0
Jordan;Nombre2;Apellido2;2;0;0;0;0;0;0
Jordan;Nombre3;Apellido3;3;0;0;0;0;0;0
Jordan;Nombre4;Apellido4;4;0;0;0;0;0;0
Jordan;Nombre5;Apellido5;5;0;0;0;0;0;0
Jordan;Nombre6;Apellido6;6;0;0;0;0;0;0
Jordan;Nombre7;Apellido7;7;0;0;0;0;0;0
Jordan;Nombre8;Apellido8;8;0;0;0;0;0;0
Jordan;Nombre9;Apellido9;9;0;0;0;0;0;0
Jordan;Nombre10;Apellido10;10;0;0;0;0;0;0
Jordan;Nombre11;Apellido11;11;0;0;0;0;0;0
Jordan;Nombre12;Apellido12;12;0;0;0;0;0;0
Jordan;Nombre13;Apellido13;13;0;0;0;0;0;0
Jordan;Nombre14;Apellido14;14;0;0;0;0;0;0
Jordan;Nombre15;Apellido15;15;0;0;0;0;0;0
Jordan;Nombre16;Apellido16;16;0;0;0;0;0;0
Jordan;Nombre17;Apellido17;17;0;0;0;0;0;0
Jordan;Nombre18;Apellido18;18;0;0;0;0;0;0
Jordan;Nombre19;Apellido19;19;0;0;0;0;0;0
Jordan;Nombre20;Apellido20;20;0;0;0;0;0;0
Jordan;Nombre21;Apellido21;21;0;0;0;0;0;0
Jordan;Nombre22;Apellido22;22;0;0;0;0;0;0
Jordan;Nombre23;Apellido23;23;0;0;0;0;0;0
Jordan;Nombre24;Apellido24;24;0;0;0;0;0;0
Jordan;Nombre25;Apellido25;25;0;0;0;0;0;0
Jordan;Nombre26;Apellido26;26;0;0;0;0;0;0
Ghana;Nombre1;Apellido1;1;0;0;0;0;0;0
Ghana;Nombre2;Apellido2;2;0;0;0;0;0;0
Ghana;Nombre3;Apellido3;3;0;0;0;0;0;0
Ghana;Nombre4;Apellido4;4;0;0;0;0;0;0
Ghana;Nombre5;Apellido5;5;0;0;0;0;0;0
Ghana;Nombre6;Apellido6;6;0;0;0;0;0;0
Ghana;Nombre7;Apellido7;7;0;0;0;0;0;0
Ghana;Nombre8;Apellido8;8;0;0;0;0;0;0
Ghana;Nombre9;Apellido9;9;0;0;0;0;0;0
Ghana;Nombre10;Apellido10;10;0;0;0;0;0;0
Ghana;Nombre11;Apellido11;11;0;0;0;0;0;0
Ghana;Nombre12;Apellido12;12;0;0;0;0;0;0
Ghana;Nombre13;Apellido13;13;0;0;0;0;0;0
Ghana;Nombre14;Apellido14;14;0;0;0;0;0;0
Ghana;Nombre15;Apellido15;15;0;0;0;0;0;0
Ghana;Nombre16;Apellido16;16;0;0;0;0;0;0
Ghana;Nombre17;Apellido17;17;0;0;0;0;0;0
Ghana;Nombre18;Apellido18;18;0;0;0;0;0;0
Ghana;Nombre19;Apellido19;19;0;0;0;0;0;0
Ghana;Nombre20;Apellido20;20;0;0;0;0;0;0
Ghana;Nombre21;Apellido21;21;0;0;0;0;0;0
Ghana;Nombre22;Apellido22;22;0;0;0;0;0;0
Ghana;Nombre23;Apellido23;23;0;0;0;0;0;0
Ghana;Nombre24;Apellido24;24;0;0;0;0;0;0
Ghana;Nombre25;Apellido25;25;0;0;0;0;0;0
Ghana;Nombre26;Apellido26;26;0;0;0;0;0;0
DR Congo;Nombre1;Apellido1;1;0;0;0;0;0;0
DR Congo;Nombre2;Apellido2;2;0;0;0;0;0;0
DR Congo;Nombre3;Apellido3;3;0;0;0;0;0;0
DR Congo;Nombre4;Apellido4;4;0;0;0;0;0;0
DR Congo;Nombre5;Apellido5;5;0;0;0;0;0;0
DR Congo;Nombre6;Apellido6;6;0;0;0;0;0;0
DR Congo;Nombre7;Apellido7;7;0;0;0;0;0;0
DR Congo;Nombre8;Apellido8;8;0;0;0;0;0;0
DR Congo;Nombre9;Apellido9;9;0;0;0;0;0;0
DR Congo;Nombre10;Apellido10;10;0;0;0;0;0;0
DR Congo;Nombre11;Apellido11;11;0;0;0;0;0;0
DR Congo;Nombre12;Apellido12;12;0;0;0;0;0;0
DR Congo;Nombre13;Apellido13;13;0;0;0;0;0;0
DR Congo;Nombre14;Apellido14;14;0;0;0;0;0;0
DR Congo;Nombre15;Apellido15;15;0;0;0;0;0;0
DR Congo;Nombre16;Apellido16;16;0;0;0;0;0;0
DR Congo;Nombre17;Apellido17;17;0;0;0;0;0;0
DR Congo;Nombre18;Apellido18;18;0;0;0;0;0;0
DR Congo;Nombre19;Apellido19;19;0;0;0;0;0;0
DR Congo;Nombre20;Apellido20;20;0;0;0;0;0;0
DR Congo;Nombre21;Apellido21;21;0;0;0;0;0;0
DR Congo;Nombre22;Apellido22;22;0;0;0;0;0;0
DR Congo;Nombre23;Apellido23;23;0;0;0;0;0;0
DR Congo;Nombre24;Apellido24;24;0;0;0;0;0;0
DR Congo;Nombre25;Apellido25;25;0;0;0;0;0;0
DR Congo;Nombre26;Apellido26;26;0;0;0;0;0;0
Haiti;Nombre1;Apellido1;1;0;0;0;0;0;0
Haiti;Nombre2;Apellido2;2;0;0;0;0;0;0
Haiti;Nombre3;Apellido3;3;0;0;0;0;0;0
Haiti;Nombre4;Apellido4;4;0;0;0;0;0;0
Haiti;Nombre5;Apellido5;5;0;0;0;0;0;0
Haiti;Nombre6;Apellido6;6;0;0;0;0;0;0
Haiti;Nombre7;Apellido7;7;0;0;0;0;0;0
Haiti;Nombre8;Apellido8;8;0;0;0;0;0;0
Haiti;Nombre9;Apellido9;9;0;0;0;0;0;0
Haiti;Nombre10;Apellido10;10;0;0;0;0;0;0
Haiti;Nombre11;Apellido11;11;0;0;0;0;0;0
Haiti;Nombre12;Apellido12;12;0;0;0;0;0;0
Haiti;Nombre13;Apellido13;13;0;0;0;0;0;0
Haiti;Nombre14;Apellido14;14;0;0;0;0;0;0
Haiti;Nombre15;Apellido15;15;0;0;0;0;0;0
Haiti;Nombre16;Apellido16;16;0;0;0;0;0;0
Haiti;Nombre17;Apellido17;17;0;0;0;0;0;0
Haiti;Nombre18;Apellido18;18;0;0;0;0;0;0
Haiti;Nombre19;Apellido19;19;0;0;0;0;0;0
Haiti;Nombre20;Apellido20;20;0;0;0;0;0;0
Haiti;Nombre21;Apellido21;21;0;0;0;0;0;0
Haiti;Nombre22;Apellido22;22;0;0;0;0;0;0
Haiti;Nombre23;Apellido23;23;0;0;0;0;0;0
Haiti;Nombre24;Apellido24;24;0;0;0;0;0;0
Haiti;Nombre25;Apellido25;25;0;0;0;0;0;0
Haiti;Nombre26;Apellido26;26;0;0;0;0;0;0
New Zealand;Nombre1;Apellido1;1;0;0;0;0;0;0
New Zealand;Nombre2;Apellido2;2;0;0;0;0;0;0
New Zealand;Nombre3;Apellido3;3;0;0;0;0;0;0
New Zealand;Nombre4;Apellido4;4;0;0;0;0;0;0
New Zealand;Nombre5;Apellido5;5;0;0;0;0;0;0
New Zealand;Nombre6;Apellido6;6;0;0;0;0;0;0
New Zealand;Nombre7;Apellido7;7;0;0;0;0;0;0
New Zealand;Nombre8;Apellido8;8;0;0;0;0;0;0
New Zealand;Nombre9;Apellido9;9;0;0;0;0;0;0
New Zealand;Nombre10;Apellido10;10;0;0;0;0;0;0
New Zealand;Nombre11;Apellido11;11;0;0;0;0;0;0
New Zealand;Nombre12;Apellido12;12;0;0;0;0;0;0
New Zealand;Nombre13;Apellido13;13;0;0;0;0;0;0
New Zealand;Nombre14;Apellido14;14;0;0;0;0;0;0
New Zealand;Nombre15;Apellido15;15;0;0;0;0;0;0
New Zealand;Nombre16;Apellido16;16;0;0;0;0;0;0
New Zealand;Nombre17;Apellido17;17;0;0;0;0;0;0
New Zealand;Nombre18;Apellido18;18;0;0;0;0;0;0
New Zealand;Nombre19;Apellido19;19;0;0;0;0;0;0
New Zealand;Nombre20;Apellido20;20;0;0;0;0;0;0
New Zealand;Nombre21;Apellido21;21;0;0;0;0;0;0
New Zealand;Nombre22;Apellido22;22;0;0;0;0;0;0
New Zealand;Nombre23;Apellido23;23;0;0;0;0;0;0
New Zealand;Nombre24;Apellido24;24;0;0;0;0;0;0
New Zealand;Nombre25;Apellido25;25;0;0;0;0;0;0
New Zealand;Nombre26;Apellido26;26;0;0;0;0;0;0
Cabo Verde;Nombre1;Apellido1;1;0;0;0;0;0;0
Cabo Verde;Nombre2;Apellido2;2;0;0;0;0;0;0
Cabo Verde;Nombre3;Apellido3;3;0;0;0;0;0;0
Cabo Verde;Nombre4;Apellido4;4;0;0;0;0;0;0
Cabo Verde;Nombre5;Apellido5;5;0;0;0;0;0;0
Cabo Verde;Nombre6;Apellido6;6;0;0;0;0;0;0
Cabo Verde;Nombre7;Apellido7;7;0;0;0;0;0;0
Cabo Verde;Nombre8;Apellido8;8;0;0;0;0;0;0
Cabo Verde;Nombre9;Apellido9;9;0;0;0;0;0;0
Cabo Verde;Nombre10;Apellido10;10;0;0;0;0;0;0
Cabo Verde;Nombre11;Apellido11;11;0;0;0;0;0;0
Cabo Verde;Nombre12;Apellido12;12;0;0;0;0;0;0
Cabo Verde;Nombre13;Apellido13;13;0;0;0;0;0;0
Cabo Verde;Nombre14;Apellido14;14;0;0;0;0;0;0
Cabo Verde;Nombre15;Apellido15;15;0;0;0;0;0;0
Cabo Verde;Nombre16;Apellido16;16;0;0;0;0;0;0
Cabo Verde;Nombre17;Apellido17;17;0;0;0;0;0;0
Cabo Verde;Nombre18;Apellido18;18;0;0;0;0;0;0
Cabo Verde;Nombre19;Apellido19;19;0;0;0;0;0;0
Cabo Verde;Nombre20;Apellido20;20;0;0;0;0;0;0
Cabo Verde;Nombre21;Apellido21;21;0;0;0;0;0;0
Cabo Verde;Nombre22;Apellido22;22;0;0;0;0;0;0
Cabo Verde;Nombre23;Apellido23;23;0;0;0;0;0;0
Cabo Verde;Nombre24;Apellido24;24;0;0;0;0;0;0
Cabo Verde;Nombre25;Apellido25;25;0;0;0;0;0;0
Cabo Verde;Nombre26;Apellido26;26;0;0;0;0;0;0
